,Material Damage,Minor injuries,Major injuries,Fatal
Man,0.9358974358974359,0.968,0.9873417721518988,1.0
Woman,0.0641025641025641,0.032,0.012658227848101266,0.0
