,Material Damage,Minor injuries,Major injuries,Fatal
Dry,0.782051282051282,0.792,0.8354430379746836,0.9090909090909091
Wet,0.21794871794871795,0.2,0.16455696202531644,0.09090909090909091
Sandy,0.0,0.008,0.0,0.0