,Material Damage,Minor injuries,Major injuries,Fatal
Mon,0.14102564102564102,0.12,0.12658227848101267,0.09090909090909091
Tue,0.1282051282051282,0.176,0.13924050632911392,0.18181818181818182
Wed,0.16666666666666666,0.072,0.13924050632911392,0.2727272727272727
Thr,0.23076923076923078,0.16,0.08860759493670886,0.18181818181818182
Fri,0.15384615384615385,0.152,0.1518987341772152,0.09090909090909091
Sat,0.10256410256410256,0.192,0.20253164556962025,0.09090909090909091
Sun,0.07692307692307693,0.128,0.1518987341772152,0.09090909090909091
