,Yes,No
Overcast,0.4444444444444444,0.0
Rain,0.3333333333333333,0.4
Sunny,0.2222222222222222,0.6
